{
  "hash": "938e329e",
  "configHash": "4c4a6433",
  "lockfileHash": "469a7ec0",
  "browserHash": "7b2798a1",
  "optimized": {
    "@angular/common": {
      "src": "../../../../../../node_modules/@angular/common/fesm2022/common.mjs",
      "file": "@angular_common.js",
      "fileHash": "6597fa9a",
      "needsInterop": false
    },
    "@angular/common/http": {
      "src": "../../../../../../node_modules/@angular/common/fesm2022/http.mjs",
      "file": "@angular_common_http.js",
      "fileHash": "c5192361",
      "needsInterop": false
    },
    "@angular/core": {
      "src": "../../../../../../node_modules/@angular/core/fesm2022/core.mjs",
      "file": "@angular_core.js",
      "fileHash": "23e18fa8",
      "needsInterop": false
    },
    "@angular/forms": {
      "src": "../../../../../../node_modules/@angular/forms/fesm2022/forms.mjs",
      "file": "@angular_forms.js",
      "fileHash": "3937754d",
      "needsInterop": false
    },
    "@angular/platform-browser": {
      "src": "../../../../../../node_modules/@angular/platform-browser/fesm2022/platform-browser.mjs",
      "file": "@angular_platform-browser.js",
      "fileHash": "c15b7a2f",
      "needsInterop": false
    },
    "@angular/router": {
      "src": "../../../../../../node_modules/@angular/router/fesm2022/router.mjs",
      "file": "@angular_router.js",
      "fileHash": "bfd2ff9e",
      "needsInterop": false
    },
    "rxjs/operators": {
      "src": "../../../../../../node_modules/rxjs/dist/esm5/operators/index.js",
      "file": "rxjs_operators.js",
      "fileHash": "262628f3",
      "needsInterop": false
    }
  },
  "chunks": {
    "chunk-RQKUOJC7": {
      "file": "chunk-RQKUOJC7.js"
    },
    "chunk-U2MBDDKL": {
      "file": "chunk-U2MBDDKL.js"
    },
    "chunk-5QPVG2QW": {
      "file": "chunk-5QPVG2QW.js"
    },
    "chunk-ZISCBJEC": {
      "file": "chunk-ZISCBJEC.js"
    },
    "chunk-3IUKNXBZ": {
      "file": "chunk-3IUKNXBZ.js"
    }
  }
}